company_name,website,email,phone,city,industry
Muster Clean GmbH,https://www.musterclean.de,info@musterclean.de,+49 251 123456,Münster,Cleaning Services
Westfalen Gebäudeservice,https://www.westfalen-gebaeudeservice.de,kontakt@westfalen-gebaeudeservice.de,+49 251 987654,Münster,Facility Services
CleanPro NRW,https://www.cleanpro-nrw.de,hello@cleanpro-nrw.de,+49 211 445566,Düsseldorf,Commercial Cleaning
Berlin Office Care,https://www.berlinofficecare.de,info@berlinofficecare.de,+49 30 223344,Berlin,Office Cleaning
Hamburg Facility Experts,https://www.hamburgfacility.de,service@hamburgfacility.de,+49 40 998877,Hamburg,Facility Management
Köln Business Cleaning,https://www.koelncleaning.de,contact@koelncleaning.de,+49 221 334455,Cologne,Cleaning Services
Frankfurt Property Care,https://www.frankfurtpropertycare.de,info@frankfurtpropertycare.de,+49 69 112233,Frankfurt,Property Services
Ruhr Industrial Cleaning,https://www.ruhrindustrial.de,sales@ruhrindustrial.de,+49 201 778899,Essen,Industrial Cleaning
Bonn Service Group,https://www.bonnservicegroup.de,office@bonnservicegroup.de,+49 228 443322,Bonn,Commercial Cleaning
Leipzig Clean Solutions,https://www.leipzigclean.de,team@leipzigclean.de,+49 341 667788,Leipzig,Cleaning Services
Dortmund Facility Team,https://www.dortmundfacility.de,hello@dortmundfacility.de,+49 231 556677,Dortmund,Facility Services
Munich Building Care,https://www.munichbuildingcare.de,info@munichbuildingcare.de,+49 89 998811,Munich,Building Maintenance
Stuttgart Pro Cleaning,https://www.stuttgartproclean.de,service@stuttgartproclean.de,+49 711 445566,Stuttgart,Cleaning Services
Bremen Business Support,https://www.bremenbusinesssupport.de,contact@bremenbusinesssupport.de,+49 421 334411,Bremen,Facility Management
Hannover Office Services,https://www.hannoverservices.de,info@hannoverservices.de,+49 511 778899,Hannover,Office Cleaning
Dresden Property Support,https://www.dresdenproperty.de,team@dresdenproperty.de,+49 351 223344,Dresden,Property Services
Aachen Commercial Care,https://www.aachencare.de,office@aachencare.de,+49 241 665544,Aachen,Commercial Cleaning
Karlsruhe Facility Experts,https://www.karlsruhefacility.de,sales@karlsruhefacility.de,+49 721 889900,Karlsruhe,Facility Services
Nuremberg Clean Systems,https://www.nurembergclean.de,hello@nurembergclean.de,+49 911 778800,Nuremberg,Cleaning Services
Mainz Building Support,https://www.mainzsupport.de,info@mainzsupport.de,+49 6131 445566,Mainz,Building Maintenance
Wiesbaden Office Care,https://www.wiesbadencare.de,service@wiesbadencare.de,+49 611 112244,Wiesbaden,Office Cleaning
Paderborn Service Group,https://www.paderbornservice.de,contact@paderbornservice.de,+49 5251 998877,Paderborn,Facility Services
Osnabrück Clean Team,https://www.osnabrueckclean.de,team@osnabrueckclean.de,+49 541 334455,Osnabrück,Cleaning Services
Kassel Business Care,https://www.kasselbusinesscare.de,office@kasselbusinesscare.de,+49 561 667788,Kassel,Commercial Cleaning
Mannheim Facility Hub,https://www.mannheimfacility.de,info@mannheimfacility.de,+49 621 556677,Mannheim,Facility Management
Freiburg Service Experts,https://www.freiburgservice.de,hello@freiburgservice.de,+49 761 223355,Freiburg,Cleaning Services
Ulm Property Services,https://www.ulmproperty.de,contact@ulmproperty.de,+49 731 889911,Ulm,Property Services
Regensburg Office Support,https://www.regensburgoffice.de,info@regensburgoffice.de,+49 941 445577,Regensburg,Office Cleaning
Heidelberg Facility Solutions,https://www.heidelbergfacility.de,team@heidelbergfacility.de,+49 6221 778899,Heidelberg,Facility Services
